Procedure_ID,Course_Level,Category,State_Scope,Management_Quota_Ratio,IKGPTU_Counseling_Ratio,Registration_Fee_INR,Selection_Criteria,Fee_Submission_Window_Days,Counseling_Rounds,Page_No
1,UG Courses,Management Quota,Punjab State (Within State),1/3,2/3,500.0,JEE / 12th Marks / AGC NEST Rank,15.0,3 to 4,1
2,PG Courses,Management Quota,Punjab State (Within State),1/3,2/3,500.0,Graduation Marks / AGC NEST,15.0,3 to 4,2
3,UG Courses,Management Quota,Other States,1/3,2/3,500.0,10+2 Marks / AGC NEST Rank,15.0,3 to 4,3
4,PG Courses,Management Quota,Other States,1/3,2/3,500.0,Graduation Marks / AGC NEST,15.0,3 to 4,4
5,Lateral Entry Courses,Management Quota,Punjab State (Within State),1/3,2/3,500.0,Diploma Marks,15.0,3 to 4,5
6,Lateral Entry Courses,Management Quota,Other States,1/3,2/3,500.0,Diploma Marks,15.0,3 to 4,6
7,B. Vocational,Direct / Merit,All States,N/A,N/A,500.0,Qualifying Exam Marks / AGC NEST Reg.,15.0,Direct,7
8,B.Tech / UG / PG,Branch Upgradation,Internal Students,N/A,N/A,,1st & 2nd Semester Combined Merit (No backlogs),,Merit Call,8
9,All Courses,Migration (Intra/Inter),Internal & External Universities,N/A,N/A,,1st Year Merit + NOC + Vacant Seat,,Direct / NOC,9
