S.no.,Discipline,Program,Duration (from Program),Intake
1,Computer Applications,BCA - Bachelor of Computer Applications,3 Years,300
2,Computer Applications,MCA - Master of Computer Applications,2 Years,60
3,Computer Applications,M.Sc - Master of Computer Science,2 Years,30
4,Computer Applications,BA - Computer Science,3 Years,60
5,Engineering,B.Tech. Civil Engineering,4 Years,30
6,Engineering,B.Tech. Computer Engineering,4 Years,120
7,Engineering,B.Tech. Computer Science & Engineering,4 Years,300
8,Engineering,B.Tech. Electrical Engineering,4 Years,30
9,Engineering,B.Tech. Mechanical Engineering,4 Years,30
10,Engineering,B.Tech. Artificial Intelligence & Machine Learning,4 Years,60
11,Engineering,B.Voc. Automobile Servicing,3 Years,25
12,Engineering,B.Voc. E-Commerece and Digital Marketing,3 Years,25
13,Engineering,B.Voc. Electrical Technician,3 Years,25
14,Engineering,M.Tech. Civil Engineering,2 Years,18
15,Engineering,M.Tech. Computer Science & Engineering,2 Years,18
16,Engineering,M.Tech. Electrical Engineering,2 Years,18
17,Engineering,M.Tech. Mechanical Engineering,2 Years,18
18,Engineering,M.Sc. Physics,2 Years,30
19,Engineering,M.Sc. Chemistry,2 Years,30
20,Engineering,M.Sc . Mathematics,2 Years,30
21,Fashion Design,B.Sc. Fashion Design,3 Years,60
22,Fashion Design,B.Voc. Fashion Design & Garment Technology,3 Years,25
23,Fashion Design,M.Sc. Fashion Design,2 Years,30
24,Hotel Management,B.Voc. Hospitality & Catering Management,3 Years,25
25,Hotel Management,BHMCT - Bachelor of Hotel Management & Catering Technology,4 Years,120
26,Hotel Management,BTTM - Bachelor of Tourism and Travel Management,4 Years,30
27,Hotel Management,MHMCT - Master of Hotel Management & Catering Technology,2 Years,30
28,Hotel Management,MTTM - Master of Tourism and Travel Management,2 Years,30
29,Management,B.Com. - Bachelor of Commerce (Honours),3 Years,60
30,Management,BBA - Bachelor of Business Administration,3 Years,150
31,Management,M.Com. - Master of Commerce,2 Years,30
32,Management,MBA - Master of Business Administration,2 Years,60
33,Management,Master in Hospital Administration,2 Years,30
34,Paramedical,B.Sc. Medical Lab Sciences,4 Years,60
35,Paramedical,B.Sc. Nutrition and Dietetics (Honours),4 Years,30
36,Paramedical,B.Sc. Operation Theatre Technology,4 Years,60
37,Paramedical,B.Sc. Radiology & Imaging Technology,4 Years,60
38,Pharmacy,B.Pharmacy,4 Years,100
39,Pharmacy,M.Pharmacy (Pharmaceutics),2 Years,15
40,Pharmacy,M.Pharmacy (Pharmacognosy),2 Years,15
41,Pharmacy,Pharm.D,6 Years,30
,,,,
,,,,
,,,,
,,,,
,,,,
,,,,
,,,,
,,,,
,,,,
,,,,
,,,,
,,,,
,,,,
,,,,
,,,,
,,,,
,,,,
,,,,
,,,,
,,,,
,,,,
,,,,
,,,,
,,,,
,,,,
,,,,
,,,,
,,,,
,,,,
,,,,
,,,,
,,,,
,,,,
,,,,
,,,,
,,,,
,,,,
,,,,
,,,,
,,,,
,,,,
,,,,
,,,,
,,,,
,,,,
,,,,
