S.No.,Course,1st Sem,2nd Sem,3rd Sem,4th Sem,5th Sem,6th Sem,7th Sem,8th Sem,9th Sem,10th Sem,11th Sem,12th Sem,Total
1,B.Tech Computer Science and Engineering,"54,755","54,755","60,231","60,231","66,254","66,254","72,879","72,879",Not Applicable,Not Applicable,Not Applicable,Not Applicable,"5,08,238"
2,B.Tech Computer Engineering,"52,060","52,060","57,266","57,266","62,993","62,993","69,292","69,292",Not Applicable,Not Applicable,Not Applicable,Not Applicable,"4,83,222"
3,"B.Tech EE, Civil and ME Engg","40,000","40,000","44,000","44,000","48,400","48,400","53,240","53,240",Not Applicable,Not Applicable,Not Applicable,Not Applicable,"3,71,280"
4,B.Tech CSE and Comp Engg LEET,Not Applicable,Not Applicable,"31,575","31,575","31,575","31,575","31,575","31,575",Not Applicable,Not Applicable,Not Applicable,Not Applicable,"1,89,450"
5,"B.Tech EE, Civil and ME LEET",Not Applicable,Not Applicable,"26,575","26,575","26,575","26,575","26,575","26,575",Not Applicable,Not Applicable,Not Applicable,Not Applicable,"1,59,450"
6,MCA,"35,975","35,975","35,975","35,975",Not Applicable,Not Applicable,Not Applicable,Not Applicable,Not Applicable,Not Applicable,Not Applicable,Not Applicable,"1,43,900"
7,MBA,"56,880","56,880","62,568","62,568",Not Applicable,Not Applicable,Not Applicable,Not Applicable,Not Applicable,Not Applicable,Not Applicable,Not Applicable,"2,38,896"
8,"M.Tech (CSE, Civil, ME and EE)","28,175","28,175","28,175","39,175",Not Applicable,Not Applicable,Not Applicable,Not Applicable,Not Applicable,Not Applicable,Not Applicable,Not Applicable,"1,23,700"
9,B.Pharmacy,"51,600","51,600","51,600","51,600","51,600","51,600","51,600","51,600",Not Applicable,Not Applicable,Not Applicable,Not Applicable,"4,12,800"
10,B.Pharmacy LEET,Not Applicable,Not Applicable,"51,575","51,575","51,575","51,575","51,575","51,575",Not Applicable,Not Applicable,Not Applicable,Not Applicable,"3,09,450"
11,B.Com,"33,300","33,300","36,630","36,630","40,293","40,293",Not Applicable,Not Applicable,Not Applicable,Not Applicable,Not Applicable,Not Applicable,"2,20,446"
12,BBA,"33,300","33,300","36,630","36,630","40,293","40,293",Not Applicable,Not Applicable,Not Applicable,Not Applicable,Not Applicable,Not Applicable,"2,20,446"
13,BCA,"33,300","33,300","36,630","36,630","40,293","40,293",Not Applicable,Not Applicable,Not Applicable,Not Applicable,Not Applicable,Not Applicable,"2,20,446"
14,BCA LEET,Not Applicable,Not Applicable,"36,630","36,630","40,293","40,293",Not Applicable,Not Applicable,Not Applicable,Not Applicable,Not Applicable,Not Applicable,"1,53,846"
15,BSC Fashion Designing,"33,300","33,300","36,630","36,630","40,293","40,293",Not Applicable,Not Applicable,Not Applicable,Not Applicable,Not Applicable,Not Applicable,"2,20,446"
16,B HMCT,"39,325","39,325","43,258","43,258","47,583","47,583","52,342","52,342",Not Applicable,Not Applicable,Not Applicable,Not Applicable,"3,65,016"
17,B TTM,"24,725","24,725","24,725","24,725","24,725","24,725","24,725","24,725",Not Applicable,Not Applicable,Not Applicable,Not Applicable,"1,97,800"
18,BSC (HON's) Nutrition and Dietetics,"24,725","24,725","24,725","24,725","24,725","24,725","24,725","24,725",Not Applicable,Not Applicable,Not Applicable,Not Applicable,"1,97,800"
19,Pharm.D,"80,000","80,000","80,000","80,000","80,000","80,000","80,000","80,000","80,000","80,000","80,000","80,000","9,60,000"
20,M.Pharmaceutics,"38,600","38,600","38,600","38,600",Not Applicable,Not Applicable,Not Applicable,Not Applicable,Not Applicable,Not Applicable,Not Applicable,Not Applicable,"1,54,400"
21,M.Pharmacognosy,"28,600","28,600","28,600","28,600",Not Applicable,Not Applicable,Not Applicable,Not Applicable,Not Applicable,Not Applicable,Not Applicable,Not Applicable,"1,14,400"
22,M.Com,"25,975","25,975","25,975","25,975",Not Applicable,Not Applicable,Not Applicable,Not Applicable,Not Applicable,Not Applicable,Not Applicable,Not Applicable,"1,03,900"
23,MSC FD,"25,975","25,975","25,975","25,975",Not Applicable,Not Applicable,Not Applicable,Not Applicable,Not Applicable,Not Applicable,Not Applicable,Not Applicable,"1,03,900"
24,M TTM,"20,975","20,975","20,975","20,975",Not Applicable,Not Applicable,Not Applicable,Not Applicable,Not Applicable,Not Applicable,Not Applicable,Not Applicable,"83,900"
25,BSC Medical Lab Sciences,"31,820","31,820","35,002","35,002","38,502","38,502","42,352","42,352",Not Applicable,Not Applicable,Not Applicable,Not Applicable,"2,95,352"
26,BSC Radiology,"31,820","31,820","35,002","35,002","38,502","38,502","42,352","42,352",Not Applicable,Not Applicable,Not Applicable,Not Applicable,"2,95,352"
27,BSC Operation Theatre Technology,"31,820","31,820","35,002","35,002","38,502","38,502","42,352","42,352",Not Applicable,Not Applicable,Not Applicable,Not Applicable,"2,95,352"
28,M HMCT,"25,975","25,975","25,975","25,975",Not Applicable,Not Applicable,Not Applicable,Not Applicable,Not Applicable,Not Applicable,Not Applicable,Not Applicable,"1,03,900"
29,BSC MLS LEET,Not Applicable,Not Applicable,"35,002","35,002","38,502","38,502","42,352","42,352",Not Applicable,Not Applicable,Not Applicable,Not Applicable,"2,31,712"
30,BSC Radiology LEET,Not Applicable,Not Applicable,"35,002","35,002","38,502","38,502","42,352","42,352",Not Applicable,Not Applicable,Not Applicable,Not Applicable,"2,31,712"
31,BSC OTT LEET,Not Applicable,Not Applicable,"35,002","35,002","38,502","38,502","42,352","42,352",Not Applicable,Not Applicable,Not Applicable,Not Applicable,"2,31,712"
32,B VOC Courses,"26,575","26,575","26,575","26,575","26,575","26,575",Not Applicable,Not Applicable,Not Applicable,Not Applicable,Not Applicable,Not Applicable,"1,59,450"
